video_A_url,video_B_url
https://raw.githubusercontent.com/AtlantixJJ/VideoStableVideo2/master/data/video_frames1int/davis_subway_vsfn_zero_starrynight_stylized.mp4,https://raw.githubusercontent.com/AtlantixJJ/VideoStableVideo2/master/data/video_frames1int/davis_subway_vsfn_diff_starrynight_stylized.mp4
https://raw.githubusercontent.com/AtlantixJJ/VideoStableVideo2/master/data/video_frames1int/sintel_PERTURBED_shaman_1_vsfn_diff_feathers_stylized.mp4,https://raw.githubusercontent.com/AtlantixJJ/VideoStableVideo2/master/data/video_frames1int/sintel_PERTURBED_shaman_1_vsfn_zero_feathers_stylized.mp4
https://raw.githubusercontent.com/AtlantixJJ/VideoStableVideo2/master/data/video_frames1int/davis_girl-dog_vsfn_flow_composition_stylized.mp4,https://raw.githubusercontent.com/AtlantixJJ/VideoStableVideo2/master/data/video_frames1int/davis_girl-dog_vsfn_diff_composition_stylized.mp4
https://raw.githubusercontent.com/AtlantixJJ/VideoStableVideo2/master/data/video_frames1int/davis_helicopter_vsfn_flow_feathers_stylized.mp4,https://raw.githubusercontent.com/AtlantixJJ/VideoStableVideo2/master/data/video_frames1int/davis_helicopter_vsfn_zero_feathers_stylized.mp4
https://raw.githubusercontent.com/AtlantixJJ/VideoStableVideo2/master/data/video_frames1int/sintel_PERTURBED_shaman_1_vsfn_diff_composition_stylized.mp4,https://raw.githubusercontent.com/AtlantixJJ/VideoStableVideo2/master/data/video_frames1int/sintel_PERTURBED_shaman_1_vsfn_zero_composition_stylized.mp4
https://raw.githubusercontent.com/AtlantixJJ/VideoStableVideo2/master/data/video_frames1int/sintel_tiger_vsfn_zero_starrynight_stylized.mp4,https://raw.githubusercontent.com/AtlantixJJ/VideoStableVideo2/master/data/video_frames1int/sintel_tiger_vsfn_diff_starrynight_stylized.mp4
https://raw.githubusercontent.com/AtlantixJJ/VideoStableVideo2/master/data/video_frames1int/davis_helicopter_vsfn_zero_lamuse_stylized.mp4,https://raw.githubusercontent.com/AtlantixJJ/VideoStableVideo2/master/data/video_frames1int/davis_helicopter_vsfn_flow_lamuse_stylized.mp4
https://raw.githubusercontent.com/AtlantixJJ/VideoStableVideo2/master/data/video_frames1int/sintel_market_4_vsfn_zero_starrynight_stylized.mp4,https://raw.githubusercontent.com/AtlantixJJ/VideoStableVideo2/master/data/video_frames1int/sintel_market_4_vsfn_flow_starrynight_stylized.mp4
https://raw.githubusercontent.com/AtlantixJJ/VideoStableVideo2/master/data/video_frames1int/davis_cats-car_vsfn_zero_lamuse_stylized.mp4,https://raw.githubusercontent.com/AtlantixJJ/VideoStableVideo2/master/data/video_frames1int/davis_cats-car_vsfn_diff_lamuse_stylized.mp4
https://raw.githubusercontent.com/AtlantixJJ/VideoStableVideo2/master/data/video_frames1int/sintel_market_1_vsfn_zero_starrynight_stylized.mp4,https://raw.githubusercontent.com/AtlantixJJ/VideoStableVideo2/master/data/video_frames1int/sintel_market_1_vsfn_diff_starrynight_stylized.mp4
https://raw.githubusercontent.com/AtlantixJJ/VideoStableVideo2/master/data/video_frames1int/davis_slackline_vsfn_zero_lamuse_stylized.mp4,https://raw.githubusercontent.com/AtlantixJJ/VideoStableVideo2/master/data/video_frames1int/davis_slackline_vsfn_flow_lamuse_stylized.mp4
https://raw.githubusercontent.com/AtlantixJJ/VideoStableVideo2/master/data/video_frames1int/sintel_bamboo_3_vsfn_flow_starrynight_stylized.mp4,https://raw.githubusercontent.com/AtlantixJJ/VideoStableVideo2/master/data/video_frames1int/sintel_bamboo_3_vsfn_zero_starrynight_stylized.mp4
https://raw.githubusercontent.com/AtlantixJJ/VideoStableVideo2/master/data/video_frames1int/davis_helicopter_vsfn_diff_starrynight_stylized.mp4,https://raw.githubusercontent.com/AtlantixJJ/VideoStableVideo2/master/data/video_frames1int/davis_helicopter_vsfn_zero_starrynight_stylized.mp4
https://raw.githubusercontent.com/AtlantixJJ/VideoStableVideo2/master/data/video_frames1int/sintel_ambush_1_vsfn_zero_lamuse_stylized.mp4,https://raw.githubusercontent.com/AtlantixJJ/VideoStableVideo2/master/data/video_frames1int/sintel_ambush_1_vsfn_flow_lamuse_stylized.mp4
https://raw.githubusercontent.com/AtlantixJJ/VideoStableVideo2/master/data/video_frames1int/davis_gym_vsfn_flow_composition_stylized.mp4,https://raw.githubusercontent.com/AtlantixJJ/VideoStableVideo2/master/data/video_frames1int/davis_gym_vsfn_zero_composition_stylized.mp4
https://raw.githubusercontent.com/AtlantixJJ/VideoStableVideo2/master/data/video_frames1int/sintel_ambush_1_vsfn_zero_feathers_stylized.mp4,https://raw.githubusercontent.com/AtlantixJJ/VideoStableVideo2/master/data/video_frames1int/sintel_ambush_1_vsfn_flow_feathers_stylized.mp4
https://raw.githubusercontent.com/AtlantixJJ/VideoStableVideo2/master/data/video_frames1int/davis_cats-car_vsfn_zero_starrynight_stylized.mp4,https://raw.githubusercontent.com/AtlantixJJ/VideoStableVideo2/master/data/video_frames1int/davis_cats-car_vsfn_flow_starrynight_stylized.mp4
https://raw.githubusercontent.com/AtlantixJJ/VideoStableVideo2/master/data/video_frames1int/davis_guitar-violin_vsfn_zero_composition_stylized.mp4,https://raw.githubusercontent.com/AtlantixJJ/VideoStableVideo2/master/data/video_frames1int/davis_guitar-violin_vsfn_flow_composition_stylized.mp4
https://raw.githubusercontent.com/AtlantixJJ/VideoStableVideo2/master/data/video_frames1int/sintel_market_1_vsfn_diff_feathers_stylized.mp4,https://raw.githubusercontent.com/AtlantixJJ/VideoStableVideo2/master/data/video_frames1int/sintel_market_1_vsfn_zero_feathers_stylized.mp4
https://raw.githubusercontent.com/AtlantixJJ/VideoStableVideo2/master/data/video_frames1int/davis_horsejump-stick_vsfn_flow_feathers_stylized.mp4,https://raw.githubusercontent.com/AtlantixJJ/VideoStableVideo2/master/data/video_frames1int/davis_horsejump-stick_vsfn_zero_feathers_stylized.mp4
https://raw.githubusercontent.com/AtlantixJJ/VideoStableVideo2/master/data/video_frames1int/sintel_market_1_vsfn_diff_composition_stylized.mp4,https://raw.githubusercontent.com/AtlantixJJ/VideoStableVideo2/master/data/video_frames1int/sintel_market_1_vsfn_zero_composition_stylized.mp4
https://raw.githubusercontent.com/AtlantixJJ/VideoStableVideo2/master/data/video_frames1int/davis_tandem_vsfn_zero_starrynight_stylized.mp4,https://raw.githubusercontent.com/AtlantixJJ/VideoStableVideo2/master/data/video_frames1int/davis_tandem_vsfn_flow_starrynight_stylized.mp4
https://raw.githubusercontent.com/AtlantixJJ/VideoStableVideo2/master/data/video_frames1int/sintel_mountain_2_vsfn_zero_feathers_stylized.mp4,https://raw.githubusercontent.com/AtlantixJJ/VideoStableVideo2/master/data/video_frames1int/sintel_mountain_2_vsfn_flow_feathers_stylized.mp4
https://raw.githubusercontent.com/AtlantixJJ/VideoStableVideo2/master/data/video_frames1int/davis_cats-car_vsfn_flow_lamuse_stylized.mp4,https://raw.githubusercontent.com/AtlantixJJ/VideoStableVideo2/master/data/video_frames1int/davis_cats-car_vsfn_zero_lamuse_stylized.mp4
https://raw.githubusercontent.com/AtlantixJJ/VideoStableVideo2/master/data/video_frames1int/davis_slackline_vsfn_diff_lamuse_stylized.mp4,https://raw.githubusercontent.com/AtlantixJJ/VideoStableVideo2/master/data/video_frames1int/davis_slackline_vsfn_flow_lamuse_stylized.mp4
https://raw.githubusercontent.com/AtlantixJJ/VideoStableVideo2/master/data/video_frames1int/davis_tandem_vsfn_zero_composition_stylized.mp4,https://raw.githubusercontent.com/AtlantixJJ/VideoStableVideo2/master/data/video_frames1int/davis_tandem_vsfn_flow_composition_stylized.mp4
https://raw.githubusercontent.com/AtlantixJJ/VideoStableVideo2/master/data/video_frames1int/sintel_wall_vsfn_zero_lamuse_stylized.mp4,https://raw.githubusercontent.com/AtlantixJJ/VideoStableVideo2/master/data/video_frames1int/sintel_wall_vsfn_flow_lamuse_stylized.mp4
https://raw.githubusercontent.com/AtlantixJJ/VideoStableVideo2/master/data/video_frames1int/davis_man-bike_vsfn_flow_composition_stylized.mp4,https://raw.githubusercontent.com/AtlantixJJ/VideoStableVideo2/master/data/video_frames1int/davis_man-bike_vsfn_diff_composition_stylized.mp4
https://raw.githubusercontent.com/AtlantixJJ/VideoStableVideo2/master/data/video_frames1int/sintel_PERTURBED_shaman_1_vsfn_diff_feathers_stylized.mp4,https://raw.githubusercontent.com/AtlantixJJ/VideoStableVideo2/master/data/video_frames1int/sintel_PERTURBED_shaman_1_vsfn_flow_feathers_stylized.mp4
https://raw.githubusercontent.com/AtlantixJJ/VideoStableVideo2/master/data/video_frames1int/davis_slackline_vsfn_flow_starrynight_stylized.mp4,https://raw.githubusercontent.com/AtlantixJJ/VideoStableVideo2/master/data/video_frames1int/davis_slackline_vsfn_diff_starrynight_stylized.mp4
"https://raw.githubusercontent.com/AtlantixJJ/VideoStableVideo2/master/data/video_none/davis_girl-dog_sfn_none_feathers_stylized.mp4
","https://raw.githubusercontent.com/AtlantixJJ/VideoStableVideo2/master/data/video_frames1int/davis_girl-dog_sfn_diff_feathers_stylized.mp4
"
https://raw.githubusercontent.com/AtlantixJJ/VideoStableVideo2/master/data/video_frames1int/sintel_market_4_vsfn_flow_starrynight_stylized.mp4,https://raw.githubusercontent.com/AtlantixJJ/VideoStableVideo2/master/data/video_frames1int/sintel_market_4_vsfn_diff_starrynight_stylized.mp4
https://raw.githubusercontent.com/AtlantixJJ/VideoStableVideo2/master/data/video_frames1int/davis_horsejump-stick_vsfn_zero_starrynight_stylized.mp4,https://raw.githubusercontent.com/AtlantixJJ/VideoStableVideo2/master/data/video_frames1int/davis_horsejump-stick_vsfn_diff_starrynight_stylized.mp4
https://raw.githubusercontent.com/AtlantixJJ/VideoStableVideo2/master/data/video_frames1int/sintel_market_1_vsfn_diff_feathers_stylized.mp4,https://raw.githubusercontent.com/AtlantixJJ/VideoStableVideo2/master/data/video_frames1int/sintel_market_1_vsfn_flow_feathers_stylized.mp4
https://raw.githubusercontent.com/AtlantixJJ/VideoStableVideo2/master/data/video_frames1int/davis_guitar-violin_vsfn_diff_starrynight_stylized.mp4,https://raw.githubusercontent.com/AtlantixJJ/VideoStableVideo2/master/data/video_frames1int/davis_guitar-violin_vsfn_zero_starrynight_stylized.mp4
https://raw.githubusercontent.com/AtlantixJJ/VideoStableVideo2/master/data/video_frames1int/davis_subway_vsfn_zero_lamuse_stylized.mp4,https://raw.githubusercontent.com/AtlantixJJ/VideoStableVideo2/master/data/video_frames1int/davis_subway_vsfn_diff_lamuse_stylized.mp4
https://raw.githubusercontent.com/AtlantixJJ/VideoStableVideo2/master/data/video_frames1int/davis_tandem_vsfn_zero_lamuse_stylized.mp4,https://raw.githubusercontent.com/AtlantixJJ/VideoStableVideo2/master/data/video_frames1int/davis_tandem_vsfn_diff_lamuse_stylized.mp4
"https://raw.githubusercontent.com/AtlantixJJ/VideoStableVideo2/master/data/video_none/davis_man-bike_sfn_none_lamuse_stylized.mp4
","https://raw.githubusercontent.com/AtlantixJJ/VideoStableVideo2/master/data/video_frames1int/davis_man-bike_sfn_flow_lamuse_stylized.mp4
"
https://raw.githubusercontent.com/AtlantixJJ/VideoStableVideo2/master/data/video_frames1int/sintel_tiger_vsfn_zero_starrynight_stylized.mp4,https://raw.githubusercontent.com/AtlantixJJ/VideoStableVideo2/master/data/video_frames1int/sintel_tiger_vsfn_flow_starrynight_stylized.mp4
https://raw.githubusercontent.com/AtlantixJJ/VideoStableVideo2/master/data/video_frames1int/davis_guitar-violin_vsfn_diff_composition_stylized.mp4,https://raw.githubusercontent.com/AtlantixJJ/VideoStableVideo2/master/data/video_frames1int/davis_guitar-violin_vsfn_zero_composition_stylized.mp4
https://raw.githubusercontent.com/AtlantixJJ/VideoStableVideo2/master/data/video_frames1int/davis_guitar-violin_vsfn_zero_starrynight_stylized.mp4,https://raw.githubusercontent.com/AtlantixJJ/VideoStableVideo2/master/data/video_frames1int/davis_guitar-violin_vsfn_flow_starrynight_stylized.mp4
https://raw.githubusercontent.com/AtlantixJJ/VideoStableVideo2/master/data/video_frames1int/sintel_temple_1_vsfn_flow_feathers_stylized.mp4,https://raw.githubusercontent.com/AtlantixJJ/VideoStableVideo2/master/data/video_frames1int/sintel_temple_1_vsfn_zero_feathers_stylized.mp4
https://raw.githubusercontent.com/AtlantixJJ/VideoStableVideo2/master/data/video_frames1int/sintel_bamboo_3_vsfn_zero_composition_stylized.mp4,https://raw.githubusercontent.com/AtlantixJJ/VideoStableVideo2/master/data/video_frames1int/sintel_bamboo_3_vsfn_flow_composition_stylized.mp4
https://raw.githubusercontent.com/AtlantixJJ/VideoStableVideo2/master/data/video_frames1int/sintel_wall_vsfn_diff_lamuse_stylized.mp4,https://raw.githubusercontent.com/AtlantixJJ/VideoStableVideo2/master/data/video_frames1int/sintel_wall_vsfn_zero_lamuse_stylized.mp4
https://raw.githubusercontent.com/AtlantixJJ/VideoStableVideo2/master/data/video_frames1int/sintel_wall_vsfn_flow_feathers_stylized.mp4,https://raw.githubusercontent.com/AtlantixJJ/VideoStableVideo2/master/data/video_frames1int/sintel_wall_vsfn_diff_feathers_stylized.mp4
https://raw.githubusercontent.com/AtlantixJJ/VideoStableVideo2/master/data/video_frames1int/sintel_ambush_1_vsfn_zero_composition_stylized.mp4,https://raw.githubusercontent.com/AtlantixJJ/VideoStableVideo2/master/data/video_frames1int/sintel_ambush_1_vsfn_flow_composition_stylized.mp4
https://raw.githubusercontent.com/AtlantixJJ/VideoStableVideo2/master/data/video_frames1int/sintel_bamboo_3_vsfn_zero_lamuse_stylized.mp4,https://raw.githubusercontent.com/AtlantixJJ/VideoStableVideo2/master/data/video_frames1int/sintel_bamboo_3_vsfn_diff_lamuse_stylized.mp4
https://raw.githubusercontent.com/AtlantixJJ/VideoStableVideo2/master/data/video_frames1int/davis_helicopter_vsfn_diff_feathers_stylized.mp4,https://raw.githubusercontent.com/AtlantixJJ/VideoStableVideo2/master/data/video_frames1int/davis_helicopter_vsfn_zero_feathers_stylized.mp4
https://raw.githubusercontent.com/AtlantixJJ/VideoStableVideo2/master/data/video_frames1int/davis_horsejump-stick_vsfn_zero_starrynight_stylized.mp4,https://raw.githubusercontent.com/AtlantixJJ/VideoStableVideo2/master/data/video_frames1int/davis_horsejump-stick_vsfn_flow_starrynight_stylized.mp4
https://raw.githubusercontent.com/AtlantixJJ/VideoStableVideo2/master/data/video_frames1int/sintel_mountain_2_vsfn_zero_feathers_stylized.mp4,https://raw.githubusercontent.com/AtlantixJJ/VideoStableVideo2/master/data/video_frames1int/sintel_mountain_2_vsfn_diff_feathers_stylized.mp4
https://raw.githubusercontent.com/AtlantixJJ/VideoStableVideo2/master/data/video_frames1int/sintel_temple_1_vsfn_flow_feathers_stylized.mp4,https://raw.githubusercontent.com/AtlantixJJ/VideoStableVideo2/master/data/video_frames1int/sintel_temple_1_vsfn_diff_feathers_stylized.mp4
https://raw.githubusercontent.com/AtlantixJJ/VideoStableVideo2/master/data/video_frames1int/davis_slackline_vsfn_flow_composition_stylized.mp4,https://raw.githubusercontent.com/AtlantixJJ/VideoStableVideo2/master/data/video_frames1int/davis_slackline_vsfn_diff_composition_stylized.mp4
https://raw.githubusercontent.com/AtlantixJJ/VideoStableVideo2/master/data/video_frames1int/davis_slackline_vsfn_flow_feathers_stylized.mp4,https://raw.githubusercontent.com/AtlantixJJ/VideoStableVideo2/master/data/video_frames1int/davis_slackline_vsfn_zero_feathers_stylized.mp4
https://raw.githubusercontent.com/AtlantixJJ/VideoStableVideo2/master/data/video_frames1int/davis_subway_vsfn_diff_composition_stylized.mp4,https://raw.githubusercontent.com/AtlantixJJ/VideoStableVideo2/master/data/video_frames1int/davis_subway_vsfn_zero_composition_stylized.mp4
https://raw.githubusercontent.com/AtlantixJJ/VideoStableVideo2/master/data/video_frames1int/davis_man-bike_vsfn_diff_lamuse_stylized.mp4,https://raw.githubusercontent.com/AtlantixJJ/VideoStableVideo2/master/data/video_frames1int/davis_man-bike_vsfn_zero_lamuse_stylized.mp4
https://raw.githubusercontent.com/AtlantixJJ/VideoStableVideo2/master/data/video_frames1int/sintel_market_1_vsfn_flow_composition_stylized.mp4,https://raw.githubusercontent.com/AtlantixJJ/VideoStableVideo2/master/data/video_frames1int/sintel_market_1_vsfn_diff_composition_stylized.mp4
https://raw.githubusercontent.com/AtlantixJJ/VideoStableVideo2/master/data/video_frames1int/davis_man-bike_vsfn_diff_feathers_stylized.mp4,https://raw.githubusercontent.com/AtlantixJJ/VideoStableVideo2/master/data/video_frames1int/davis_man-bike_vsfn_zero_feathers_stylized.mp4
https://raw.githubusercontent.com/AtlantixJJ/VideoStableVideo2/master/data/video_frames1int/sintel_bamboo_3_vsfn_diff_starrynight_stylized.mp4,https://raw.githubusercontent.com/AtlantixJJ/VideoStableVideo2/master/data/video_frames1int/sintel_bamboo_3_vsfn_flow_starrynight_stylized.mp4
https://raw.githubusercontent.com/AtlantixJJ/VideoStableVideo2/master/data/video_frames1int/sintel_market_1_vsfn_flow_lamuse_stylized.mp4,https://raw.githubusercontent.com/AtlantixJJ/VideoStableVideo2/master/data/video_frames1int/sintel_market_1_vsfn_diff_lamuse_stylized.mp4
https://raw.githubusercontent.com/AtlantixJJ/VideoStableVideo2/master/data/video_frames1int/sintel_tiger_vsfn_flow_starrynight_stylized.mp4,https://raw.githubusercontent.com/AtlantixJJ/VideoStableVideo2/master/data/video_frames1int/sintel_tiger_vsfn_diff_starrynight_stylized.mp4
https://raw.githubusercontent.com/AtlantixJJ/VideoStableVideo2/master/data/video_frames1int/davis_guitar-violin_vsfn_flow_lamuse_stylized.mp4,https://raw.githubusercontent.com/AtlantixJJ/VideoStableVideo2/master/data/video_frames1int/davis_guitar-violin_vsfn_zero_lamuse_stylized.mp4
https://raw.githubusercontent.com/AtlantixJJ/VideoStableVideo2/master/data/video_frames1int/sintel_market_1_vsfn_zero_starrynight_stylized.mp4,https://raw.githubusercontent.com/AtlantixJJ/VideoStableVideo2/master/data/video_frames1int/sintel_market_1_vsfn_flow_starrynight_stylized.mp4
https://raw.githubusercontent.com/AtlantixJJ/VideoStableVideo2/master/data/video_frames1int/sintel_mountain_2_vsfn_flow_composition_stylized.mp4,https://raw.githubusercontent.com/AtlantixJJ/VideoStableVideo2/master/data/video_frames1int/sintel_mountain_2_vsfn_zero_composition_stylized.mp4
https://raw.githubusercontent.com/AtlantixJJ/VideoStableVideo2/master/data/video_frames1int/sintel_ambush_1_vsfn_zero_feathers_stylized.mp4,https://raw.githubusercontent.com/AtlantixJJ/VideoStableVideo2/master/data/video_frames1int/sintel_ambush_1_vsfn_diff_feathers_stylized.mp4
https://raw.githubusercontent.com/AtlantixJJ/VideoStableVideo2/master/data/video_frames1int/sintel_bamboo_3_vsfn_zero_lamuse_stylized.mp4,https://raw.githubusercontent.com/AtlantixJJ/VideoStableVideo2/master/data/video_frames1int/sintel_bamboo_3_vsfn_flow_lamuse_stylized.mp4
https://raw.githubusercontent.com/AtlantixJJ/VideoStableVideo2/master/data/video_frames1int/davis_girl-dog_vsfn_flow_lamuse_stylized.mp4,https://raw.githubusercontent.com/AtlantixJJ/VideoStableVideo2/master/data/video_frames1int/davis_girl-dog_vsfn_diff_lamuse_stylized.mp4
https://raw.githubusercontent.com/AtlantixJJ/VideoStableVideo2/master/data/video_frames1int/davis_man-bike_vsfn_flow_feathers_stylized.mp4,https://raw.githubusercontent.com/AtlantixJJ/VideoStableVideo2/master/data/video_frames1int/davis_man-bike_vsfn_zero_feathers_stylized.mp4
https://raw.githubusercontent.com/AtlantixJJ/VideoStableVideo2/master/data/video_frames1int/davis_cats-car_vsfn_flow_lamuse_stylized.mp4,https://raw.githubusercontent.com/AtlantixJJ/VideoStableVideo2/master/data/video_frames1int/davis_cats-car_vsfn_diff_lamuse_stylized.mp4
https://raw.githubusercontent.com/AtlantixJJ/VideoStableVideo2/master/data/video_frames1int/sintel_temple_1_vsfn_zero_composition_stylized.mp4,https://raw.githubusercontent.com/AtlantixJJ/VideoStableVideo2/master/data/video_frames1int/sintel_temple_1_vsfn_diff_composition_stylized.mp4
https://raw.githubusercontent.com/AtlantixJJ/VideoStableVideo2/master/data/video_frames1int/sintel_PERTURBED_shaman_1_vsfn_flow_composition_stylized.mp4,https://raw.githubusercontent.com/AtlantixJJ/VideoStableVideo2/master/data/video_frames1int/sintel_PERTURBED_shaman_1_vsfn_diff_composition_stylized.mp4
https://raw.githubusercontent.com/AtlantixJJ/VideoStableVideo2/master/data/video_frames1int/davis_helicopter_vsfn_diff_feathers_stylized.mp4,https://raw.githubusercontent.com/AtlantixJJ/VideoStableVideo2/master/data/video_frames1int/davis_helicopter_vsfn_flow_feathers_stylized.mp4
https://raw.githubusercontent.com/AtlantixJJ/VideoStableVideo2/master/data/video_frames1int/sintel_cave_3_vsfn_flow_composition_stylized.mp4,https://raw.githubusercontent.com/AtlantixJJ/VideoStableVideo2/master/data/video_frames1int/sintel_cave_3_vsfn_zero_composition_stylized.mp4
https://raw.githubusercontent.com/AtlantixJJ/VideoStableVideo2/master/data/video_frames1int/sintel_bamboo_3_vsfn_diff_feathers_stylized.mp4,https://raw.githubusercontent.com/AtlantixJJ/VideoStableVideo2/master/data/video_frames1int/sintel_bamboo_3_vsfn_flow_feathers_stylized.mp4
"https://raw.githubusercontent.com/AtlantixJJ/VideoStableVideo2/master/data/video_frames1int/sintel_market_1_sfn_diff_starrynight_stylized.mp4
","https://raw.githubusercontent.com/AtlantixJJ/VideoStableVideo2/master/data/video_none/sintel_market_1_sfn_none_starrynight_stylized.mp4
"
https://raw.githubusercontent.com/AtlantixJJ/VideoStableVideo2/master/data/video_frames1int/sintel_temple_1_vsfn_flow_composition_stylized.mp4,https://raw.githubusercontent.com/AtlantixJJ/VideoStableVideo2/master/data/video_frames1int/sintel_temple_1_vsfn_zero_composition_stylized.mp4
https://raw.githubusercontent.com/AtlantixJJ/VideoStableVideo2/master/data/video_frames1int/sintel_wall_vsfn_diff_starrynight_stylized.mp4,https://raw.githubusercontent.com/AtlantixJJ/VideoStableVideo2/master/data/video_frames1int/sintel_wall_vsfn_zero_starrynight_stylized.mp4
https://raw.githubusercontent.com/AtlantixJJ/VideoStableVideo2/master/data/video_frames1int/sintel_market_1_vsfn_zero_lamuse_stylized.mp4,https://raw.githubusercontent.com/AtlantixJJ/VideoStableVideo2/master/data/video_frames1int/sintel_market_1_vsfn_diff_lamuse_stylized.mp4
https://raw.githubusercontent.com/AtlantixJJ/VideoStableVideo2/master/data/video_frames1int/davis_guitar-violin_vsfn_flow_feathers_stylized.mp4,https://raw.githubusercontent.com/AtlantixJJ/VideoStableVideo2/master/data/video_frames1int/davis_guitar-violin_vsfn_diff_feathers_stylized.mp4
https://raw.githubusercontent.com/AtlantixJJ/VideoStableVideo2/master/data/video_frames1int/davis_slackline_vsfn_zero_composition_stylized.mp4,https://raw.githubusercontent.com/AtlantixJJ/VideoStableVideo2/master/data/video_frames1int/davis_slackline_vsfn_flow_composition_stylized.mp4
https://raw.githubusercontent.com/AtlantixJJ/VideoStableVideo2/master/data/video_frames1int/sintel_mountain_2_vsfn_flow_feathers_stylized.mp4,https://raw.githubusercontent.com/AtlantixJJ/VideoStableVideo2/master/data/video_frames1int/sintel_mountain_2_vsfn_diff_feathers_stylized.mp4
https://raw.githubusercontent.com/AtlantixJJ/VideoStableVideo2/master/data/video_frames1int/sintel_wall_vsfn_zero_starrynight_stylized.mp4,https://raw.githubusercontent.com/AtlantixJJ/VideoStableVideo2/master/data/video_frames1int/sintel_wall_vsfn_flow_starrynight_stylized.mp4
"https://raw.githubusercontent.com/AtlantixJJ/VideoStableVideo2/master/data/video_none/davis_cats-car_sfn_none_composition_stylized.mp4
","https://raw.githubusercontent.com/AtlantixJJ/VideoStableVideo2/master/data/video_frames1int/davis_cats-car_sfn_zero_composition_stylized.mp4
"
https://raw.githubusercontent.com/AtlantixJJ/VideoStableVideo2/master/data/video_frames1int/davis_girl-dog_vsfn_flow_feathers_stylized.mp4,https://raw.githubusercontent.com/AtlantixJJ/VideoStableVideo2/master/data/video_frames1int/davis_girl-dog_vsfn_zero_feathers_stylized.mp4
https://raw.githubusercontent.com/AtlantixJJ/VideoStableVideo2/master/data/video_frames1int/sintel_temple_1_vsfn_zero_starrynight_stylized.mp4,https://raw.githubusercontent.com/AtlantixJJ/VideoStableVideo2/master/data/video_frames1int/sintel_temple_1_vsfn_flow_starrynight_stylized.mp4
https://raw.githubusercontent.com/AtlantixJJ/VideoStableVideo2/master/data/video_frames1int/sintel_market_1_vsfn_zero_composition_stylized.mp4,https://raw.githubusercontent.com/AtlantixJJ/VideoStableVideo2/master/data/video_frames1int/sintel_market_1_vsfn_flow_composition_stylized.mp4
https://raw.githubusercontent.com/AtlantixJJ/VideoStableVideo2/master/data/video_frames1int/sintel_bamboo_3_vsfn_zero_feathers_stylized.mp4,https://raw.githubusercontent.com/AtlantixJJ/VideoStableVideo2/master/data/video_frames1int/sintel_bamboo_3_vsfn_diff_feathers_stylized.mp4
https://raw.githubusercontent.com/AtlantixJJ/VideoStableVideo2/master/data/video_frames1int/davis_horsejump-stick_vsfn_zero_feathers_stylized.mp4,https://raw.githubusercontent.com/AtlantixJJ/VideoStableVideo2/master/data/video_frames1int/davis_horsejump-stick_vsfn_diff_feathers_stylized.mp4
https://raw.githubusercontent.com/AtlantixJJ/VideoStableVideo2/master/data/video_frames1int/sintel_market_4_vsfn_flow_lamuse_stylized.mp4,https://raw.githubusercontent.com/AtlantixJJ/VideoStableVideo2/master/data/video_frames1int/sintel_market_4_vsfn_zero_lamuse_stylized.mp4
https://raw.githubusercontent.com/AtlantixJJ/VideoStableVideo2/master/data/video_frames1int/sintel_cave_3_vsfn_zero_starrynight_stylized.mp4,https://raw.githubusercontent.com/AtlantixJJ/VideoStableVideo2/master/data/video_frames1int/sintel_cave_3_vsfn_flow_starrynight_stylized.mp4
https://raw.githubusercontent.com/AtlantixJJ/VideoStableVideo2/master/data/video_frames1int/davis_slackline_vsfn_zero_lamuse_stylized.mp4,https://raw.githubusercontent.com/AtlantixJJ/VideoStableVideo2/master/data/video_frames1int/davis_slackline_vsfn_diff_lamuse_stylized.mp4
https://raw.githubusercontent.com/AtlantixJJ/VideoStableVideo2/master/data/video_frames1int/davis_guitar-violin_vsfn_diff_lamuse_stylized.mp4,https://raw.githubusercontent.com/AtlantixJJ/VideoStableVideo2/master/data/video_frames1int/davis_guitar-violin_vsfn_flow_lamuse_stylized.mp4
https://raw.githubusercontent.com/AtlantixJJ/VideoStableVideo2/master/data/video_frames1int/davis_tandem_vsfn_diff_starrynight_stylized.mp4,https://raw.githubusercontent.com/AtlantixJJ/VideoStableVideo2/master/data/video_frames1int/davis_tandem_vsfn_flow_starrynight_stylized.mp4
https://raw.githubusercontent.com/AtlantixJJ/VideoStableVideo2/master/data/video_frames1int/davis_tandem_vsfn_zero_composition_stylized.mp4,https://raw.githubusercontent.com/AtlantixJJ/VideoStableVideo2/master/data/video_frames1int/davis_tandem_vsfn_diff_composition_stylized.mp4
https://raw.githubusercontent.com/AtlantixJJ/VideoStableVideo2/master/data/video_frames1int/sintel_PERTURBED_shaman_1_vsfn_diff_starrynight_stylized.mp4,https://raw.githubusercontent.com/AtlantixJJ/VideoStableVideo2/master/data/video_frames1int/sintel_PERTURBED_shaman_1_vsfn_zero_starrynight_stylized.mp4
"https://raw.githubusercontent.com/AtlantixJJ/VideoStableVideo2/master/data/video_none/sintel_wall_sfn_none_lamuse_stylized.mp4
","https://raw.githubusercontent.com/AtlantixJJ/VideoStableVideo2/master/data/video_frames1int/sintel_wall_sfn_zero_lamuse_stylized.mp4
"
https://raw.githubusercontent.com/AtlantixJJ/VideoStableVideo2/master/data/video_frames1int/sintel_market_4_vsfn_diff_lamuse_stylized.mp4,https://raw.githubusercontent.com/AtlantixJJ/VideoStableVideo2/master/data/video_frames1int/sintel_market_4_vsfn_zero_lamuse_stylized.mp4
https://raw.githubusercontent.com/AtlantixJJ/VideoStableVideo2/master/data/video_frames1int/davis_subway_vsfn_diff_feathers_stylized.mp4,https://raw.githubusercontent.com/AtlantixJJ/VideoStableVideo2/master/data/video_frames1int/davis_subway_vsfn_zero_feathers_stylized.mp4
https://raw.githubusercontent.com/AtlantixJJ/VideoStableVideo2/master/data/video_frames1int/davis_gym_vsfn_diff_lamuse_stylized.mp4,https://raw.githubusercontent.com/AtlantixJJ/VideoStableVideo2/master/data/video_frames1int/davis_gym_vsfn_flow_lamuse_stylized.mp4
https://raw.githubusercontent.com/AtlantixJJ/VideoStableVideo2/master/data/video_frames1int/sintel_tiger_vsfn_zero_lamuse_stylized.mp4,https://raw.githubusercontent.com/AtlantixJJ/VideoStableVideo2/master/data/video_frames1int/sintel_tiger_vsfn_flow_lamuse_stylized.mp4
https://raw.githubusercontent.com/AtlantixJJ/VideoStableVideo2/master/data/video_frames1int/sintel_cave_3_vsfn_zero_feathers_stylized.mp4,https://raw.githubusercontent.com/AtlantixJJ/VideoStableVideo2/master/data/video_frames1int/sintel_cave_3_vsfn_diff_feathers_stylized.mp4
https://raw.githubusercontent.com/AtlantixJJ/VideoStableVideo2/master/data/video_frames1int/sintel_market_4_vsfn_zero_composition_stylized.mp4,https://raw.githubusercontent.com/AtlantixJJ/VideoStableVideo2/master/data/video_frames1int/sintel_market_4_vsfn_flow_composition_stylized.mp4
https://raw.githubusercontent.com/AtlantixJJ/VideoStableVideo2/master/data/video_frames1int/sintel_temple_1_vsfn_diff_starrynight_stylized.mp4,https://raw.githubusercontent.com/AtlantixJJ/VideoStableVideo2/master/data/video_frames1int/sintel_temple_1_vsfn_zero_starrynight_stylized.mp4
https://raw.githubusercontent.com/AtlantixJJ/VideoStableVideo2/master/data/video_frames1int/davis_horsejump-stick_vsfn_diff_lamuse_stylized.mp4,https://raw.githubusercontent.com/AtlantixJJ/VideoStableVideo2/master/data/video_frames1int/davis_horsejump-stick_vsfn_zero_lamuse_stylized.mp4
https://raw.githubusercontent.com/AtlantixJJ/VideoStableVideo2/master/data/video_frames1int/sintel_wall_vsfn_diff_composition_stylized.mp4,https://raw.githubusercontent.com/AtlantixJJ/VideoStableVideo2/master/data/video_frames1int/sintel_wall_vsfn_zero_composition_stylized.mp4
https://raw.githubusercontent.com/AtlantixJJ/VideoStableVideo2/master/data/video_frames1int/sintel_tiger_vsfn_flow_lamuse_stylized.mp4,https://raw.githubusercontent.com/AtlantixJJ/VideoStableVideo2/master/data/video_frames1int/sintel_tiger_vsfn_diff_lamuse_stylized.mp4
https://raw.githubusercontent.com/AtlantixJJ/VideoStableVideo2/master/data/video_frames1int/sintel_tiger_vsfn_diff_composition_stylized.mp4,https://raw.githubusercontent.com/AtlantixJJ/VideoStableVideo2/master/data/video_frames1int/sintel_tiger_vsfn_zero_composition_stylized.mp4
https://raw.githubusercontent.com/AtlantixJJ/VideoStableVideo2/master/data/video_frames1int/davis_slackline_vsfn_diff_feathers_stylized.mp4,https://raw.githubusercontent.com/AtlantixJJ/VideoStableVideo2/master/data/video_frames1int/davis_slackline_vsfn_zero_feathers_stylized.mp4
https://raw.githubusercontent.com/AtlantixJJ/VideoStableVideo2/master/data/video_frames1int/sintel_tiger_vsfn_zero_feathers_stylized.mp4,https://raw.githubusercontent.com/AtlantixJJ/VideoStableVideo2/master/data/video_frames1int/sintel_tiger_vsfn_diff_feathers_stylized.mp4
https://raw.githubusercontent.com/AtlantixJJ/VideoStableVideo2/master/data/video_frames1int/sintel_PERTURBED_shaman_1_vsfn_diff_lamuse_stylized.mp4,https://raw.githubusercontent.com/AtlantixJJ/VideoStableVideo2/master/data/video_frames1int/sintel_PERTURBED_shaman_1_vsfn_zero_lamuse_stylized.mp4
https://raw.githubusercontent.com/AtlantixJJ/VideoStableVideo2/master/data/video_frames1int/sintel_market_4_vsfn_flow_composition_stylized.mp4,https://raw.githubusercontent.com/AtlantixJJ/VideoStableVideo2/master/data/video_frames1int/sintel_market_4_vsfn_diff_composition_stylized.mp4
https://raw.githubusercontent.com/AtlantixJJ/VideoStableVideo2/master/data/video_frames1int/davis_subway_vsfn_zero_lamuse_stylized.mp4,https://raw.githubusercontent.com/AtlantixJJ/VideoStableVideo2/master/data/video_frames1int/davis_subway_vsfn_flow_lamuse_stylized.mp4
https://raw.githubusercontent.com/AtlantixJJ/VideoStableVideo2/master/data/video_frames1int/davis_horsejump-stick_vsfn_diff_starrynight_stylized.mp4,https://raw.githubusercontent.com/AtlantixJJ/VideoStableVideo2/master/data/video_frames1int/davis_horsejump-stick_vsfn_flow_starrynight_stylized.mp4
https://raw.githubusercontent.com/AtlantixJJ/VideoStableVideo2/master/data/video_frames1int/davis_girl-dog_vsfn_flow_starrynight_stylized.mp4,https://raw.githubusercontent.com/AtlantixJJ/VideoStableVideo2/master/data/video_frames1int/davis_girl-dog_vsfn_zero_starrynight_stylized.mp4
https://raw.githubusercontent.com/AtlantixJJ/VideoStableVideo2/master/data/video_frames1int/sintel_market_4_vsfn_zero_composition_stylized.mp4,https://raw.githubusercontent.com/AtlantixJJ/VideoStableVideo2/master/data/video_frames1int/sintel_market_4_vsfn_diff_composition_stylized.mp4
https://raw.githubusercontent.com/AtlantixJJ/VideoStableVideo2/master/data/video_frames1int/davis_gym_vsfn_zero_feathers_stylized.mp4,https://raw.githubusercontent.com/AtlantixJJ/VideoStableVideo2/master/data/video_frames1int/davis_gym_vsfn_diff_feathers_stylized.mp4
https://raw.githubusercontent.com/AtlantixJJ/VideoStableVideo2/master/data/video_frames1int/sintel_bamboo_3_vsfn_diff_composition_stylized.mp4,https://raw.githubusercontent.com/AtlantixJJ/VideoStableVideo2/master/data/video_frames1int/sintel_bamboo_3_vsfn_zero_composition_stylized.mp4
https://raw.githubusercontent.com/AtlantixJJ/VideoStableVideo2/master/data/video_frames1int/sintel_tiger_vsfn_zero_lamuse_stylized.mp4,https://raw.githubusercontent.com/AtlantixJJ/VideoStableVideo2/master/data/video_frames1int/sintel_tiger_vsfn_diff_lamuse_stylized.mp4
https://raw.githubusercontent.com/AtlantixJJ/VideoStableVideo2/master/data/video_frames1int/sintel_mountain_2_vsfn_zero_starrynight_stylized.mp4,https://raw.githubusercontent.com/AtlantixJJ/VideoStableVideo2/master/data/video_frames1int/sintel_mountain_2_vsfn_flow_starrynight_stylized.mp4
https://raw.githubusercontent.com/AtlantixJJ/VideoStableVideo2/master/data/video_frames1int/sintel_market_4_vsfn_diff_feathers_stylized.mp4,https://raw.githubusercontent.com/AtlantixJJ/VideoStableVideo2/master/data/video_frames1int/sintel_market_4_vsfn_flow_feathers_stylized.mp4
https://raw.githubusercontent.com/AtlantixJJ/VideoStableVideo2/master/data/video_frames1int/sintel_bamboo_3_vsfn_zero_feathers_stylized.mp4,https://raw.githubusercontent.com/AtlantixJJ/VideoStableVideo2/master/data/video_frames1int/sintel_bamboo_3_vsfn_flow_feathers_stylized.mp4
https://raw.githubusercontent.com/AtlantixJJ/VideoStableVideo2/master/data/video_frames1int/davis_slackline_vsfn_flow_feathers_stylized.mp4,https://raw.githubusercontent.com/AtlantixJJ/VideoStableVideo2/master/data/video_frames1int/davis_slackline_vsfn_diff_feathers_stylized.mp4
https://raw.githubusercontent.com/AtlantixJJ/VideoStableVideo2/master/data/video_frames1int/davis_girl-dog_vsfn_zero_lamuse_stylized.mp4,https://raw.githubusercontent.com/AtlantixJJ/VideoStableVideo2/master/data/video_frames1int/davis_girl-dog_vsfn_flow_lamuse_stylized.mp4
https://raw.githubusercontent.com/AtlantixJJ/VideoStableVideo2/master/data/video_frames1int/sintel_temple_1_vsfn_diff_lamuse_stylized.mp4,https://raw.githubusercontent.com/AtlantixJJ/VideoStableVideo2/master/data/video_frames1int/sintel_temple_1_vsfn_zero_lamuse_stylized.mp4
https://raw.githubusercontent.com/AtlantixJJ/VideoStableVideo2/master/data/video_frames1int/davis_horsejump-stick_vsfn_zero_composition_stylized.mp4,https://raw.githubusercontent.com/AtlantixJJ/VideoStableVideo2/master/data/video_frames1int/davis_horsejump-stick_vsfn_flow_composition_stylized.mp4
https://raw.githubusercontent.com/AtlantixJJ/VideoStableVideo2/master/data/video_frames1int/davis_gym_vsfn_diff_lamuse_stylized.mp4,https://raw.githubusercontent.com/AtlantixJJ/VideoStableVideo2/master/data/video_frames1int/davis_gym_vsfn_zero_lamuse_stylized.mp4
https://raw.githubusercontent.com/AtlantixJJ/VideoStableVideo2/master/data/video_frames1int/sintel_PERTURBED_shaman_1_vsfn_diff_starrynight_stylized.mp4,https://raw.githubusercontent.com/AtlantixJJ/VideoStableVideo2/master/data/video_frames1int/sintel_PERTURBED_shaman_1_vsfn_flow_starrynight_stylized.mp4
https://raw.githubusercontent.com/AtlantixJJ/VideoStableVideo2/master/data/video_frames1int/davis_horsejump-stick_vsfn_diff_feathers_stylized.mp4,https://raw.githubusercontent.com/AtlantixJJ/VideoStableVideo2/master/data/video_frames1int/davis_horsejump-stick_vsfn_flow_feathers_stylized.mp4
https://raw.githubusercontent.com/AtlantixJJ/VideoStableVideo2/master/data/video_frames1int/sintel_market_4_vsfn_zero_starrynight_stylized.mp4,https://raw.githubusercontent.com/AtlantixJJ/VideoStableVideo2/master/data/video_frames1int/sintel_market_4_vsfn_diff_starrynight_stylized.mp4
https://raw.githubusercontent.com/AtlantixJJ/VideoStableVideo2/master/data/video_frames1int/davis_gym_vsfn_flow_starrynight_stylized.mp4,https://raw.githubusercontent.com/AtlantixJJ/VideoStableVideo2/master/data/video_frames1int/davis_gym_vsfn_zero_starrynight_stylized.mp4
"https://raw.githubusercontent.com/AtlantixJJ/VideoStableVideo2/master/data/video_none/sintel_temple_1_sfn_none_starrynight_stylized.mp4
","https://raw.githubusercontent.com/AtlantixJJ/VideoStableVideo2/master/data/video_frames1int/sintel_temple_1_sfn_flow_starrynight_stylized.mp4
"
https://raw.githubusercontent.com/AtlantixJJ/VideoStableVideo2/master/data/video_frames1int/sintel_temple_1_vsfn_diff_composition_stylized.mp4,https://raw.githubusercontent.com/AtlantixJJ/VideoStableVideo2/master/data/video_frames1int/sintel_temple_1_vsfn_flow_composition_stylized.mp4
https://raw.githubusercontent.com/AtlantixJJ/VideoStableVideo2/master/data/video_frames1int/sintel_ambush_1_vsfn_zero_lamuse_stylized.mp4,https://raw.githubusercontent.com/AtlantixJJ/VideoStableVideo2/master/data/video_frames1int/sintel_ambush_1_vsfn_diff_lamuse_stylized.mp4
https://raw.githubusercontent.com/AtlantixJJ/VideoStableVideo2/master/data/video_frames1int/davis_horsejump-stick_vsfn_diff_composition_stylized.mp4,https://raw.githubusercontent.com/AtlantixJJ/VideoStableVideo2/master/data/video_frames1int/davis_horsejump-stick_vsfn_zero_composition_stylized.mp4
https://raw.githubusercontent.com/AtlantixJJ/VideoStableVideo2/master/data/video_frames1int/sintel_cave_3_vsfn_diff_starrynight_stylized.mp4,https://raw.githubusercontent.com/AtlantixJJ/VideoStableVideo2/master/data/video_frames1int/sintel_cave_3_vsfn_zero_starrynight_stylized.mp4
https://raw.githubusercontent.com/AtlantixJJ/VideoStableVideo2/master/data/video_frames1int/davis_subway_vsfn_flow_feathers_stylized.mp4,https://raw.githubusercontent.com/AtlantixJJ/VideoStableVideo2/master/data/video_frames1int/davis_subway_vsfn_zero_feathers_stylized.mp4
https://raw.githubusercontent.com/AtlantixJJ/VideoStableVideo2/master/data/video_frames1int/sintel_wall_vsfn_diff_composition_stylized.mp4,https://raw.githubusercontent.com/AtlantixJJ/VideoStableVideo2/master/data/video_frames1int/sintel_wall_vsfn_flow_composition_stylized.mp4
https://raw.githubusercontent.com/AtlantixJJ/VideoStableVideo2/master/data/video_frames1int/davis_cats-car_vsfn_zero_feathers_stylized.mp4,https://raw.githubusercontent.com/AtlantixJJ/VideoStableVideo2/master/data/video_frames1int/davis_cats-car_vsfn_flow_feathers_stylized.mp4
https://raw.githubusercontent.com/AtlantixJJ/VideoStableVideo2/master/data/video_frames1int/davis_girl-dog_vsfn_flow_starrynight_stylized.mp4,https://raw.githubusercontent.com/AtlantixJJ/VideoStableVideo2/master/data/video_frames1int/davis_girl-dog_vsfn_diff_starrynight_stylized.mp4
https://raw.githubusercontent.com/AtlantixJJ/VideoStableVideo2/master/data/video_frames1int/sintel_mountain_2_vsfn_zero_lamuse_stylized.mp4,https://raw.githubusercontent.com/AtlantixJJ/VideoStableVideo2/master/data/video_frames1int/sintel_mountain_2_vsfn_flow_lamuse_stylized.mp4
https://raw.githubusercontent.com/AtlantixJJ/VideoStableVideo2/master/data/video_frames1int/davis_man-bike_vsfn_diff_starrynight_stylized.mp4,https://raw.githubusercontent.com/AtlantixJJ/VideoStableVideo2/master/data/video_frames1int/davis_man-bike_vsfn_flow_starrynight_stylized.mp4
https://raw.githubusercontent.com/AtlantixJJ/VideoStableVideo2/master/data/video_frames1int/davis_slackline_vsfn_flow_starrynight_stylized.mp4,https://raw.githubusercontent.com/AtlantixJJ/VideoStableVideo2/master/data/video_frames1int/davis_slackline_vsfn_zero_starrynight_stylized.mp4
https://raw.githubusercontent.com/AtlantixJJ/VideoStableVideo2/master/data/video_frames1int/davis_helicopter_vsfn_diff_lamuse_stylized.mp4,https://raw.githubusercontent.com/AtlantixJJ/VideoStableVideo2/master/data/video_frames1int/davis_helicopter_vsfn_flow_lamuse_stylized.mp4
https://raw.githubusercontent.com/AtlantixJJ/VideoStableVideo2/master/data/video_frames1int/sintel_temple_1_vsfn_flow_starrynight_stylized.mp4,https://raw.githubusercontent.com/AtlantixJJ/VideoStableVideo2/master/data/video_frames1int/sintel_temple_1_vsfn_diff_starrynight_stylized.mp4
https://raw.githubusercontent.com/AtlantixJJ/VideoStableVideo2/master/data/video_frames1int/davis_tandem_vsfn_diff_composition_stylized.mp4,https://raw.githubusercontent.com/AtlantixJJ/VideoStableVideo2/master/data/video_frames1int/davis_tandem_vsfn_flow_composition_stylized.mp4
https://raw.githubusercontent.com/AtlantixJJ/VideoStableVideo2/master/data/video_frames1int/sintel_ambush_1_vsfn_diff_composition_stylized.mp4,https://raw.githubusercontent.com/AtlantixJJ/VideoStableVideo2/master/data/video_frames1int/sintel_ambush_1_vsfn_flow_composition_stylized.mp4
https://raw.githubusercontent.com/AtlantixJJ/VideoStableVideo2/master/data/video_frames1int/davis_helicopter_vsfn_flow_starrynight_stylized.mp4,https://raw.githubusercontent.com/AtlantixJJ/VideoStableVideo2/master/data/video_frames1int/davis_helicopter_vsfn_zero_starrynight_stylized.mp4
https://raw.githubusercontent.com/AtlantixJJ/VideoStableVideo2/master/data/video_frames1int/sintel_ambush_1_vsfn_zero_starrynight_stylized.mp4,https://raw.githubusercontent.com/AtlantixJJ/VideoStableVideo2/master/data/video_frames1int/sintel_ambush_1_vsfn_diff_starrynight_stylized.mp4
https://raw.githubusercontent.com/AtlantixJJ/VideoStableVideo2/master/data/video_frames1int/davis_cats-car_vsfn_diff_feathers_stylized.mp4,https://raw.githubusercontent.com/AtlantixJJ/VideoStableVideo2/master/data/video_frames1int/davis_cats-car_vsfn_flow_feathers_stylized.mp4
https://raw.githubusercontent.com/AtlantixJJ/VideoStableVideo2/master/data/video_frames1int/sintel_wall_vsfn_flow_starrynight_stylized.mp4,https://raw.githubusercontent.com/AtlantixJJ/VideoStableVideo2/master/data/video_frames1int/sintel_wall_vsfn_diff_starrynight_stylized.mp4
https://raw.githubusercontent.com/AtlantixJJ/VideoStableVideo2/master/data/video_frames1int/davis_slackline_vsfn_diff_starrynight_stylized.mp4,https://raw.githubusercontent.com/AtlantixJJ/VideoStableVideo2/master/data/video_frames1int/davis_slackline_vsfn_zero_starrynight_stylized.mp4
https://raw.githubusercontent.com/AtlantixJJ/VideoStableVideo2/master/data/video_frames1int/sintel_cave_3_vsfn_diff_lamuse_stylized.mp4,https://raw.githubusercontent.com/AtlantixJJ/VideoStableVideo2/master/data/video_frames1int/sintel_cave_3_vsfn_zero_lamuse_stylized.mp4
https://raw.githubusercontent.com/AtlantixJJ/VideoStableVideo2/master/data/video_frames1int/davis_horsejump-stick_vsfn_diff_lamuse_stylized.mp4,https://raw.githubusercontent.com/AtlantixJJ/VideoStableVideo2/master/data/video_frames1int/davis_horsejump-stick_vsfn_flow_lamuse_stylized.mp4
https://raw.githubusercontent.com/AtlantixJJ/VideoStableVideo2/master/data/video_frames1int/sintel_temple_1_vsfn_diff_lamuse_stylized.mp4,https://raw.githubusercontent.com/AtlantixJJ/VideoStableVideo2/master/data/video_frames1int/sintel_temple_1_vsfn_flow_lamuse_stylized.mp4
https://raw.githubusercontent.com/AtlantixJJ/VideoStableVideo2/master/data/video_frames1int/davis_helicopter_vsfn_diff_composition_stylized.mp4,https://raw.githubusercontent.com/AtlantixJJ/VideoStableVideo2/master/data/video_frames1int/davis_helicopter_vsfn_flow_composition_stylized.mp4
https://raw.githubusercontent.com/AtlantixJJ/VideoStableVideo2/master/data/video_frames1int/sintel_temple_1_vsfn_diff_feathers_stylized.mp4,https://raw.githubusercontent.com/AtlantixJJ/VideoStableVideo2/master/data/video_frames1int/sintel_temple_1_vsfn_zero_feathers_stylized.mp4
https://raw.githubusercontent.com/AtlantixJJ/VideoStableVideo2/master/data/video_frames1int/davis_girl-dog_vsfn_diff_composition_stylized.mp4,https://raw.githubusercontent.com/AtlantixJJ/VideoStableVideo2/master/data/video_frames1int/davis_girl-dog_vsfn_zero_composition_stylized.mp4
https://raw.githubusercontent.com/AtlantixJJ/VideoStableVideo2/master/data/video_frames1int/sintel_mountain_2_vsfn_diff_lamuse_stylized.mp4,https://raw.githubusercontent.com/AtlantixJJ/VideoStableVideo2/master/data/video_frames1int/sintel_mountain_2_vsfn_zero_lamuse_stylized.mp4
https://raw.githubusercontent.com/AtlantixJJ/VideoStableVideo2/master/data/video_frames1int/davis_guitar-violin_vsfn_diff_lamuse_stylized.mp4,https://raw.githubusercontent.com/AtlantixJJ/VideoStableVideo2/master/data/video_frames1int/davis_guitar-violin_vsfn_zero_lamuse_stylized.mp4
https://raw.githubusercontent.com/AtlantixJJ/VideoStableVideo2/master/data/video_frames1int/davis_tandem_vsfn_flow_feathers_stylized.mp4,https://raw.githubusercontent.com/AtlantixJJ/VideoStableVideo2/master/data/video_frames1int/davis_tandem_vsfn_zero_feathers_stylized.mp4
https://raw.githubusercontent.com/AtlantixJJ/VideoStableVideo2/master/data/video_frames1int/sintel_tiger_vsfn_diff_feathers_stylized.mp4,https://raw.githubusercontent.com/AtlantixJJ/VideoStableVideo2/master/data/video_frames1int/sintel_tiger_vsfn_flow_feathers_stylized.mp4
https://raw.githubusercontent.com/AtlantixJJ/VideoStableVideo2/master/data/video_frames1int/sintel_bamboo_3_vsfn_diff_starrynight_stylized.mp4,https://raw.githubusercontent.com/AtlantixJJ/VideoStableVideo2/master/data/video_frames1int/sintel_bamboo_3_vsfn_zero_starrynight_stylized.mp4
https://raw.githubusercontent.com/AtlantixJJ/VideoStableVideo2/master/data/video_frames1int/davis_man-bike_vsfn_diff_starrynight_stylized.mp4,https://raw.githubusercontent.com/AtlantixJJ/VideoStableVideo2/master/data/video_frames1int/davis_man-bike_vsfn_zero_starrynight_stylized.mp4
https://raw.githubusercontent.com/AtlantixJJ/VideoStableVideo2/master/data/video_frames1int/sintel_cave_3_vsfn_flow_feathers_stylized.mp4,https://raw.githubusercontent.com/AtlantixJJ/VideoStableVideo2/master/data/video_frames1int/sintel_cave_3_vsfn_zero_feathers_stylized.mp4
https://raw.githubusercontent.com/AtlantixJJ/VideoStableVideo2/master/data/video_frames1int/sintel_mountain_2_vsfn_flow_composition_stylized.mp4,https://raw.githubusercontent.com/AtlantixJJ/VideoStableVideo2/master/data/video_frames1int/sintel_mountain_2_vsfn_diff_composition_stylized.mp4
https://raw.githubusercontent.com/AtlantixJJ/VideoStableVideo2/master/data/video_frames1int/davis_man-bike_vsfn_zero_composition_stylized.mp4,https://raw.githubusercontent.com/AtlantixJJ/VideoStableVideo2/master/data/video_frames1int/davis_man-bike_vsfn_diff_composition_stylized.mp4
https://raw.githubusercontent.com/AtlantixJJ/VideoStableVideo2/master/data/video_frames1int/davis_helicopter_vsfn_zero_lamuse_stylized.mp4,https://raw.githubusercontent.com/AtlantixJJ/VideoStableVideo2/master/data/video_frames1int/davis_helicopter_vsfn_diff_lamuse_stylized.mp4
https://raw.githubusercontent.com/AtlantixJJ/VideoStableVideo2/master/data/video_frames1int/davis_girl-dog_vsfn_zero_feathers_stylized.mp4,https://raw.githubusercontent.com/AtlantixJJ/VideoStableVideo2/master/data/video_frames1int/davis_girl-dog_vsfn_diff_feathers_stylized.mp4
https://raw.githubusercontent.com/AtlantixJJ/VideoStableVideo2/master/data/video_frames1int/sintel_wall_vsfn_flow_feathers_stylized.mp4,https://raw.githubusercontent.com/AtlantixJJ/VideoStableVideo2/master/data/video_frames1int/sintel_wall_vsfn_zero_feathers_stylized.mp4
https://raw.githubusercontent.com/AtlantixJJ/VideoStableVideo2/master/data/video_frames1int/davis_subway_vsfn_flow_feathers_stylized.mp4,https://raw.githubusercontent.com/AtlantixJJ/VideoStableVideo2/master/data/video_frames1int/davis_subway_vsfn_diff_feathers_stylized.mp4
https://raw.githubusercontent.com/AtlantixJJ/VideoStableVideo2/master/data/video_frames1int/sintel_ambush_1_vsfn_diff_lamuse_stylized.mp4,https://raw.githubusercontent.com/AtlantixJJ/VideoStableVideo2/master/data/video_frames1int/sintel_ambush_1_vsfn_flow_lamuse_stylized.mp4
https://raw.githubusercontent.com/AtlantixJJ/VideoStableVideo2/master/data/video_frames1int/sintel_bamboo_3_vsfn_diff_lamuse_stylized.mp4,https://raw.githubusercontent.com/AtlantixJJ/VideoStableVideo2/master/data/video_frames1int/sintel_bamboo_3_vsfn_flow_lamuse_stylized.mp4
https://raw.githubusercontent.com/AtlantixJJ/VideoStableVideo2/master/data/video_frames1int/sintel_ambush_1_vsfn_flow_starrynight_stylized.mp4,https://raw.githubusercontent.com/AtlantixJJ/VideoStableVideo2/master/data/video_frames1int/sintel_ambush_1_vsfn_zero_starrynight_stylized.mp4
https://raw.githubusercontent.com/AtlantixJJ/VideoStableVideo2/master/data/video_frames1int/sintel_PERTURBED_shaman_1_vsfn_zero_feathers_stylized.mp4,https://raw.githubusercontent.com/AtlantixJJ/VideoStableVideo2/master/data/video_frames1int/sintel_PERTURBED_shaman_1_vsfn_flow_feathers_stylized.mp4
https://raw.githubusercontent.com/AtlantixJJ/VideoStableVideo2/master/data/video_frames1int/davis_gym_vsfn_flow_starrynight_stylized.mp4,https://raw.githubusercontent.com/AtlantixJJ/VideoStableVideo2/master/data/video_frames1int/davis_gym_vsfn_diff_starrynight_stylized.mp4
https://raw.githubusercontent.com/AtlantixJJ/VideoStableVideo2/master/data/video_frames1int/sintel_PERTURBED_shaman_1_vsfn_flow_composition_stylized.mp4,https://raw.githubusercontent.com/AtlantixJJ/VideoStableVideo2/master/data/video_frames1int/sintel_PERTURBED_shaman_1_vsfn_zero_composition_stylized.mp4
https://raw.githubusercontent.com/AtlantixJJ/VideoStableVideo2/master/data/video_frames1int/sintel_market_1_vsfn_flow_lamuse_stylized.mp4,https://raw.githubusercontent.com/AtlantixJJ/VideoStableVideo2/master/data/video_frames1int/sintel_market_1_vsfn_zero_lamuse_stylized.mp4
https://raw.githubusercontent.com/AtlantixJJ/VideoStableVideo2/master/data/video_frames1int/davis_girl-dog_vsfn_diff_feathers_stylized.mp4,https://raw.githubusercontent.com/AtlantixJJ/VideoStableVideo2/master/data/video_frames1int/davis_girl-dog_vsfn_flow_feathers_stylized.mp4
https://raw.githubusercontent.com/AtlantixJJ/VideoStableVideo2/master/data/video_frames1int/sintel_PERTURBED_shaman_1_vsfn_diff_lamuse_stylized.mp4,https://raw.githubusercontent.com/AtlantixJJ/VideoStableVideo2/master/data/video_frames1int/sintel_PERTURBED_shaman_1_vsfn_flow_lamuse_stylized.mp4
https://raw.githubusercontent.com/AtlantixJJ/VideoStableVideo2/master/data/video_frames1int/davis_subway_vsfn_diff_composition_stylized.mp4,https://raw.githubusercontent.com/AtlantixJJ/VideoStableVideo2/master/data/video_frames1int/davis_subway_vsfn_flow_composition_stylized.mp4
https://raw.githubusercontent.com/AtlantixJJ/VideoStableVideo2/master/data/video_frames1int/davis_horsejump-stick_vsfn_diff_composition_stylized.mp4,https://raw.githubusercontent.com/AtlantixJJ/VideoStableVideo2/master/data/video_frames1int/davis_horsejump-stick_vsfn_flow_composition_stylized.mp4
https://raw.githubusercontent.com/AtlantixJJ/VideoStableVideo2/master/data/video_frames1int/sintel_PERTURBED_shaman_1_vsfn_zero_lamuse_stylized.mp4,https://raw.githubusercontent.com/AtlantixJJ/VideoStableVideo2/master/data/video_frames1int/sintel_PERTURBED_shaman_1_vsfn_flow_lamuse_stylized.mp4
https://raw.githubusercontent.com/AtlantixJJ/VideoStableVideo2/master/data/video_frames1int/davis_subway_vsfn_flow_composition_stylized.mp4,https://raw.githubusercontent.com/AtlantixJJ/VideoStableVideo2/master/data/video_frames1int/davis_subway_vsfn_zero_composition_stylized.mp4
https://raw.githubusercontent.com/AtlantixJJ/VideoStableVideo2/master/data/video_frames1int/sintel_market_4_vsfn_diff_lamuse_stylized.mp4,https://raw.githubusercontent.com/AtlantixJJ/VideoStableVideo2/master/data/video_frames1int/sintel_market_4_vsfn_flow_lamuse_stylized.mp4
https://raw.githubusercontent.com/AtlantixJJ/VideoStableVideo2/master/data/video_frames1int/sintel_market_1_vsfn_diff_starrynight_stylized.mp4,https://raw.githubusercontent.com/AtlantixJJ/VideoStableVideo2/master/data/video_frames1int/sintel_market_1_vsfn_flow_starrynight_stylized.mp4
https://raw.githubusercontent.com/AtlantixJJ/VideoStableVideo2/master/data/video_frames1int/davis_girl-dog_vsfn_flow_composition_stylized.mp4,https://raw.githubusercontent.com/AtlantixJJ/VideoStableVideo2/master/data/video_frames1int/davis_girl-dog_vsfn_zero_composition_stylized.mp4
https://raw.githubusercontent.com/AtlantixJJ/VideoStableVideo2/master/data/video_frames1int/davis_horsejump-stick_vsfn_flow_lamuse_stylized.mp4,https://raw.githubusercontent.com/AtlantixJJ/VideoStableVideo2/master/data/video_frames1int/davis_horsejump-stick_vsfn_zero_lamuse_stylized.mp4
https://raw.githubusercontent.com/AtlantixJJ/VideoStableVideo2/master/data/video_frames1int/davis_tandem_vsfn_flow_feathers_stylized.mp4,https://raw.githubusercontent.com/AtlantixJJ/VideoStableVideo2/master/data/video_frames1int/davis_tandem_vsfn_diff_feathers_stylized.mp4
https://raw.githubusercontent.com/AtlantixJJ/VideoStableVideo2/master/data/video_frames1int/sintel_market_4_vsfn_diff_feathers_stylized.mp4,https://raw.githubusercontent.com/AtlantixJJ/VideoStableVideo2/master/data/video_frames1int/sintel_market_4_vsfn_zero_feathers_stylized.mp4
https://raw.githubusercontent.com/AtlantixJJ/VideoStableVideo2/master/data/video_frames1int/davis_slackline_vsfn_diff_composition_stylized.mp4,https://raw.githubusercontent.com/AtlantixJJ/VideoStableVideo2/master/data/video_frames1int/davis_slackline_vsfn_zero_composition_stylized.mp4
https://raw.githubusercontent.com/AtlantixJJ/VideoStableVideo2/master/data/video_frames1int/davis_cats-car_vsfn_diff_starrynight_stylized.mp4,https://raw.githubusercontent.com/AtlantixJJ/VideoStableVideo2/master/data/video_frames1int/davis_cats-car_vsfn_zero_starrynight_stylized.mp4
https://raw.githubusercontent.com/AtlantixJJ/VideoStableVideo2/master/data/video_frames1int/sintel_bamboo_3_vsfn_flow_composition_stylized.mp4,https://raw.githubusercontent.com/AtlantixJJ/VideoStableVideo2/master/data/video_frames1int/sintel_bamboo_3_vsfn_diff_composition_stylized.mp4
https://raw.githubusercontent.com/AtlantixJJ/VideoStableVideo2/master/data/video_frames1int/sintel_cave_3_vsfn_flow_lamuse_stylized.mp4,https://raw.githubusercontent.com/AtlantixJJ/VideoStableVideo2/master/data/video_frames1int/sintel_cave_3_vsfn_zero_lamuse_stylized.mp4
"https://raw.githubusercontent.com/AtlantixJJ/VideoStableVideo2/master/data/video_none/davis_slackline_sfn_none_composition_stylized.mp4
","https://raw.githubusercontent.com/AtlantixJJ/VideoStableVideo2/master/data/video_frames1int/davis_slackline_sfn_zero_composition_stylized.mp4
"
https://raw.githubusercontent.com/AtlantixJJ/VideoStableVideo2/master/data/video_frames1int/davis_gym_vsfn_diff_starrynight_stylized.mp4,https://raw.githubusercontent.com/AtlantixJJ/VideoStableVideo2/master/data/video_frames1int/davis_gym_vsfn_zero_starrynight_stylized.mp4
https://raw.githubusercontent.com/AtlantixJJ/VideoStableVideo2/master/data/video_frames1int/sintel_market_1_vsfn_flow_feathers_stylized.mp4,https://raw.githubusercontent.com/AtlantixJJ/VideoStableVideo2/master/data/video_frames1int/sintel_market_1_vsfn_zero_feathers_stylized.mp4
"https://raw.githubusercontent.com/AtlantixJJ/VideoStableVideo2/master/data/video_frames1int/davis_guitar-violin_sfn_diff_lamuse_stylized.mp4
","https://raw.githubusercontent.com/AtlantixJJ/VideoStableVideo2/master/data/video_none/davis_guitar-violin_sfn_none_lamuse_stylized.mp4
"
https://raw.githubusercontent.com/AtlantixJJ/VideoStableVideo2/master/data/video_frames1int/davis_gym_vsfn_zero_lamuse_stylized.mp4,https://raw.githubusercontent.com/AtlantixJJ/VideoStableVideo2/master/data/video_frames1int/davis_gym_vsfn_flow_lamuse_stylized.mp4
https://raw.githubusercontent.com/AtlantixJJ/VideoStableVideo2/master/data/video_frames1int/sintel_wall_vsfn_zero_feathers_stylized.mp4,https://raw.githubusercontent.com/AtlantixJJ/VideoStableVideo2/master/data/video_frames1int/sintel_wall_vsfn_diff_feathers_stylized.mp4
https://raw.githubusercontent.com/AtlantixJJ/VideoStableVideo2/master/data/video_frames1int/sintel_ambush_1_vsfn_diff_feathers_stylized.mp4,https://raw.githubusercontent.com/AtlantixJJ/VideoStableVideo2/master/data/video_frames1int/sintel_ambush_1_vsfn_flow_feathers_stylized.mp4
https://raw.githubusercontent.com/AtlantixJJ/VideoStableVideo2/master/data/video_frames1int/davis_subway_vsfn_flow_lamuse_stylized.mp4,https://raw.githubusercontent.com/AtlantixJJ/VideoStableVideo2/master/data/video_frames1int/davis_subway_vsfn_diff_lamuse_stylized.mp4
https://raw.githubusercontent.com/AtlantixJJ/VideoStableVideo2/master/data/video_frames1int/sintel_temple_1_vsfn_flow_lamuse_stylized.mp4,https://raw.githubusercontent.com/AtlantixJJ/VideoStableVideo2/master/data/video_frames1int/sintel_temple_1_vsfn_zero_lamuse_stylized.mp4
https://raw.githubusercontent.com/AtlantixJJ/VideoStableVideo2/master/data/video_frames1int/davis_girl-dog_vsfn_diff_lamuse_stylized.mp4,https://raw.githubusercontent.com/AtlantixJJ/VideoStableVideo2/master/data/video_frames1int/davis_girl-dog_vsfn_zero_lamuse_stylized.mp4
https://raw.githubusercontent.com/AtlantixJJ/VideoStableVideo2/master/data/video_frames1int/sintel_tiger_vsfn_zero_feathers_stylized.mp4,https://raw.githubusercontent.com/AtlantixJJ/VideoStableVideo2/master/data/video_frames1int/sintel_tiger_vsfn_flow_feathers_stylized.mp4
https://raw.githubusercontent.com/AtlantixJJ/VideoStableVideo2/master/data/video_frames1int/sintel_mountain_2_vsfn_zero_starrynight_stylized.mp4,https://raw.githubusercontent.com/AtlantixJJ/VideoStableVideo2/master/data/video_frames1int/sintel_mountain_2_vsfn_diff_starrynight_stylized.mp4
https://raw.githubusercontent.com/AtlantixJJ/VideoStableVideo2/master/data/video_frames1int/davis_gym_vsfn_diff_composition_stylized.mp4,https://raw.githubusercontent.com/AtlantixJJ/VideoStableVideo2/master/data/video_frames1int/davis_gym_vsfn_zero_composition_stylized.mp4
https://raw.githubusercontent.com/AtlantixJJ/VideoStableVideo2/master/data/video_frames1int/sintel_mountain_2_vsfn_zero_composition_stylized.mp4,https://raw.githubusercontent.com/AtlantixJJ/VideoStableVideo2/master/data/video_frames1int/sintel_mountain_2_vsfn_diff_composition_stylized.mp4
https://raw.githubusercontent.com/AtlantixJJ/VideoStableVideo2/master/data/video_frames1int/davis_guitar-violin_vsfn_flow_composition_stylized.mp4,https://raw.githubusercontent.com/AtlantixJJ/VideoStableVideo2/master/data/video_frames1int/davis_guitar-violin_vsfn_diff_composition_stylized.mp4
https://raw.githubusercontent.com/AtlantixJJ/VideoStableVideo2/master/data/video_frames1int/davis_man-bike_vsfn_flow_starrynight_stylized.mp4,https://raw.githubusercontent.com/AtlantixJJ/VideoStableVideo2/master/data/video_frames1int/davis_man-bike_vsfn_zero_starrynight_stylized.mp4
https://raw.githubusercontent.com/AtlantixJJ/VideoStableVideo2/master/data/video_frames1int/sintel_cave_3_vsfn_diff_feathers_stylized.mp4,https://raw.githubusercontent.com/AtlantixJJ/VideoStableVideo2/master/data/video_frames1int/sintel_cave_3_vsfn_flow_feathers_stylized.mp4
https://raw.githubusercontent.com/AtlantixJJ/VideoStableVideo2/master/data/video_frames1int/sintel_ambush_1_vsfn_diff_starrynight_stylized.mp4,https://raw.githubusercontent.com/AtlantixJJ/VideoStableVideo2/master/data/video_frames1int/sintel_ambush_1_vsfn_flow_starrynight_stylized.mp4
https://raw.githubusercontent.com/AtlantixJJ/VideoStableVideo2/master/data/video_frames1int/davis_gym_vsfn_flow_feathers_stylized.mp4,https://raw.githubusercontent.com/AtlantixJJ/VideoStableVideo2/master/data/video_frames1int/davis_gym_vsfn_diff_feathers_stylized.mp4
https://raw.githubusercontent.com/AtlantixJJ/VideoStableVideo2/master/data/video_frames1int/sintel_mountain_2_vsfn_diff_lamuse_stylized.mp4,https://raw.githubusercontent.com/AtlantixJJ/VideoStableVideo2/master/data/video_frames1int/sintel_mountain_2_vsfn_flow_lamuse_stylized.mp4
https://raw.githubusercontent.com/AtlantixJJ/VideoStableVideo2/master/data/video_frames1int/davis_guitar-violin_vsfn_flow_starrynight_stylized.mp4,https://raw.githubusercontent.com/AtlantixJJ/VideoStableVideo2/master/data/video_frames1int/davis_guitar-violin_vsfn_diff_starrynight_stylized.mp4
https://raw.githubusercontent.com/AtlantixJJ/VideoStableVideo2/master/data/video_frames1int/davis_man-bike_vsfn_flow_lamuse_stylized.mp4,https://raw.githubusercontent.com/AtlantixJJ/VideoStableVideo2/master/data/video_frames1int/davis_man-bike_vsfn_zero_lamuse_stylized.mp4
https://raw.githubusercontent.com/AtlantixJJ/VideoStableVideo2/master/data/video_frames1int/davis_gym_vsfn_diff_composition_stylized.mp4,https://raw.githubusercontent.com/AtlantixJJ/VideoStableVideo2/master/data/video_frames1int/davis_gym_vsfn_flow_composition_stylized.mp4
https://raw.githubusercontent.com/AtlantixJJ/VideoStableVideo2/master/data/video_frames1int/sintel_mountain_2_vsfn_flow_starrynight_stylized.mp4,https://raw.githubusercontent.com/AtlantixJJ/VideoStableVideo2/master/data/video_frames1int/sintel_mountain_2_vsfn_diff_starrynight_stylized.mp4
https://raw.githubusercontent.com/AtlantixJJ/VideoStableVideo2/master/data/video_frames1int/davis_guitar-violin_vsfn_zero_feathers_stylized.mp4,https://raw.githubusercontent.com/AtlantixJJ/VideoStableVideo2/master/data/video_frames1int/davis_guitar-violin_vsfn_diff_feathers_stylized.mp4
https://raw.githubusercontent.com/AtlantixJJ/VideoStableVideo2/master/data/video_frames1int/davis_cats-car_vsfn_diff_composition_stylized.mp4,https://raw.githubusercontent.com/AtlantixJJ/VideoStableVideo2/master/data/video_frames1int/davis_cats-car_vsfn_flow_composition_stylized.mp4
https://raw.githubusercontent.com/AtlantixJJ/VideoStableVideo2/master/data/video_frames1int/sintel_cave_3_vsfn_flow_composition_stylized.mp4,https://raw.githubusercontent.com/AtlantixJJ/VideoStableVideo2/master/data/video_frames1int/sintel_cave_3_vsfn_diff_composition_stylized.mp4
https://raw.githubusercontent.com/AtlantixJJ/VideoStableVideo2/master/data/video_frames1int/sintel_PERTURBED_shaman_1_vsfn_flow_starrynight_stylized.mp4,https://raw.githubusercontent.com/AtlantixJJ/VideoStableVideo2/master/data/video_frames1int/sintel_PERTURBED_shaman_1_vsfn_zero_starrynight_stylized.mp4
https://raw.githubusercontent.com/AtlantixJJ/VideoStableVideo2/master/data/video_frames1int/sintel_market_4_vsfn_flow_feathers_stylized.mp4,https://raw.githubusercontent.com/AtlantixJJ/VideoStableVideo2/master/data/video_frames1int/sintel_market_4_vsfn_zero_feathers_stylized.mp4
https://raw.githubusercontent.com/AtlantixJJ/VideoStableVideo2/master/data/video_frames1int/davis_helicopter_vsfn_diff_starrynight_stylized.mp4,https://raw.githubusercontent.com/AtlantixJJ/VideoStableVideo2/master/data/video_frames1int/davis_helicopter_vsfn_flow_starrynight_stylized.mp4
https://raw.githubusercontent.com/AtlantixJJ/VideoStableVideo2/master/data/video_frames1int/davis_tandem_vsfn_flow_lamuse_stylized.mp4,https://raw.githubusercontent.com/AtlantixJJ/VideoStableVideo2/master/data/video_frames1int/davis_tandem_vsfn_diff_lamuse_stylized.mp4
https://raw.githubusercontent.com/AtlantixJJ/VideoStableVideo2/master/data/video_frames1int/davis_gym_vsfn_zero_feathers_stylized.mp4,https://raw.githubusercontent.com/AtlantixJJ/VideoStableVideo2/master/data/video_frames1int/davis_gym_vsfn_flow_feathers_stylized.mp4
"https://raw.githubusercontent.com/AtlantixJJ/VideoStableVideo2/master/data/video_none/sintel_market_4_sfn_none_lamuse_stylized.mp4
","https://raw.githubusercontent.com/AtlantixJJ/VideoStableVideo2/master/data/video_frames1int/sintel_market_4_sfn_flow_lamuse_stylized.mp4
"
https://raw.githubusercontent.com/AtlantixJJ/VideoStableVideo2/master/data/video_frames1int/davis_cats-car_vsfn_flow_composition_stylized.mp4,https://raw.githubusercontent.com/AtlantixJJ/VideoStableVideo2/master/data/video_frames1int/davis_cats-car_vsfn_zero_composition_stylized.mp4
https://raw.githubusercontent.com/AtlantixJJ/VideoStableVideo2/master/data/video_frames1int/davis_man-bike_vsfn_zero_composition_stylized.mp4,https://raw.githubusercontent.com/AtlantixJJ/VideoStableVideo2/master/data/video_frames1int/davis_man-bike_vsfn_flow_composition_stylized.mp4
https://raw.githubusercontent.com/AtlantixJJ/VideoStableVideo2/master/data/video_frames1int/davis_cats-car_vsfn_flow_starrynight_stylized.mp4,https://raw.githubusercontent.com/AtlantixJJ/VideoStableVideo2/master/data/video_frames1int/davis_cats-car_vsfn_diff_starrynight_stylized.mp4
https://raw.githubusercontent.com/AtlantixJJ/VideoStableVideo2/master/data/video_frames1int/davis_helicopter_vsfn_flow_composition_stylized.mp4,https://raw.githubusercontent.com/AtlantixJJ/VideoStableVideo2/master/data/video_frames1int/davis_helicopter_vsfn_zero_composition_stylized.mp4
https://raw.githubusercontent.com/AtlantixJJ/VideoStableVideo2/master/data/video_frames1int/davis_subway_vsfn_diff_starrynight_stylized.mp4,https://raw.githubusercontent.com/AtlantixJJ/VideoStableVideo2/master/data/video_frames1int/davis_subway_vsfn_flow_starrynight_stylized.mp4
https://raw.githubusercontent.com/AtlantixJJ/VideoStableVideo2/master/data/video_frames1int/sintel_wall_vsfn_flow_composition_stylized.mp4,https://raw.githubusercontent.com/AtlantixJJ/VideoStableVideo2/master/data/video_frames1int/sintel_wall_vsfn_zero_composition_stylized.mp4
https://raw.githubusercontent.com/AtlantixJJ/VideoStableVideo2/master/data/video_frames1int/davis_cats-car_vsfn_diff_composition_stylized.mp4,https://raw.githubusercontent.com/AtlantixJJ/VideoStableVideo2/master/data/video_frames1int/davis_cats-car_vsfn_zero_composition_stylized.mp4
https://raw.githubusercontent.com/AtlantixJJ/VideoStableVideo2/master/data/video_frames1int/sintel_tiger_vsfn_flow_composition_stylized.mp4,https://raw.githubusercontent.com/AtlantixJJ/VideoStableVideo2/master/data/video_frames1int/sintel_tiger_vsfn_diff_composition_stylized.mp4
https://raw.githubusercontent.com/AtlantixJJ/VideoStableVideo2/master/data/video_frames1int/sintel_cave_3_vsfn_zero_composition_stylized.mp4,https://raw.githubusercontent.com/AtlantixJJ/VideoStableVideo2/master/data/video_frames1int/sintel_cave_3_vsfn_diff_composition_stylized.mp4
https://raw.githubusercontent.com/AtlantixJJ/VideoStableVideo2/master/data/video_frames1int/davis_girl-dog_vsfn_diff_starrynight_stylized.mp4,https://raw.githubusercontent.com/AtlantixJJ/VideoStableVideo2/master/data/video_frames1int/davis_girl-dog_vsfn_zero_starrynight_stylized.mp4
https://raw.githubusercontent.com/AtlantixJJ/VideoStableVideo2/master/data/video_frames1int/davis_subway_vsfn_flow_starrynight_stylized.mp4,https://raw.githubusercontent.com/AtlantixJJ/VideoStableVideo2/master/data/video_frames1int/davis_subway_vsfn_zero_starrynight_stylized.mp4
https://raw.githubusercontent.com/AtlantixJJ/VideoStableVideo2/master/data/video_frames1int/davis_man-bike_vsfn_flow_lamuse_stylized.mp4,https://raw.githubusercontent.com/AtlantixJJ/VideoStableVideo2/master/data/video_frames1int/davis_man-bike_vsfn_diff_lamuse_stylized.mp4
https://raw.githubusercontent.com/AtlantixJJ/VideoStableVideo2/master/data/video_frames1int/sintel_tiger_vsfn_zero_composition_stylized.mp4,https://raw.githubusercontent.com/AtlantixJJ/VideoStableVideo2/master/data/video_frames1int/sintel_tiger_vsfn_flow_composition_stylized.mp4
https://raw.githubusercontent.com/AtlantixJJ/VideoStableVideo2/master/data/video_frames1int/davis_tandem_vsfn_zero_starrynight_stylized.mp4,https://raw.githubusercontent.com/AtlantixJJ/VideoStableVideo2/master/data/video_frames1int/davis_tandem_vsfn_diff_starrynight_stylized.mp4
https://raw.githubusercontent.com/AtlantixJJ/VideoStableVideo2/master/data/video_frames1int/sintel_cave_3_vsfn_flow_lamuse_stylized.mp4,https://raw.githubusercontent.com/AtlantixJJ/VideoStableVideo2/master/data/video_frames1int/sintel_cave_3_vsfn_diff_lamuse_stylized.mp4
https://raw.githubusercontent.com/AtlantixJJ/VideoStableVideo2/master/data/video_frames1int/sintel_ambush_1_vsfn_diff_composition_stylized.mp4,https://raw.githubusercontent.com/AtlantixJJ/VideoStableVideo2/master/data/video_frames1int/sintel_ambush_1_vsfn_zero_composition_stylized.mp4
https://raw.githubusercontent.com/AtlantixJJ/VideoStableVideo2/master/data/video_frames1int/davis_cats-car_vsfn_diff_feathers_stylized.mp4,https://raw.githubusercontent.com/AtlantixJJ/VideoStableVideo2/master/data/video_frames1int/davis_cats-car_vsfn_zero_feathers_stylized.mp4
https://raw.githubusercontent.com/AtlantixJJ/VideoStableVideo2/master/data/video_frames1int/davis_tandem_vsfn_diff_feathers_stylized.mp4,https://raw.githubusercontent.com/AtlantixJJ/VideoStableVideo2/master/data/video_frames1int/davis_tandem_vsfn_zero_feathers_stylized.mp4
https://raw.githubusercontent.com/AtlantixJJ/VideoStableVideo2/master/data/video_frames1int/davis_helicopter_vsfn_diff_composition_stylized.mp4,https://raw.githubusercontent.com/AtlantixJJ/VideoStableVideo2/master/data/video_frames1int/davis_helicopter_vsfn_zero_composition_stylized.mp4
https://raw.githubusercontent.com/AtlantixJJ/VideoStableVideo2/master/data/video_frames1int/sintel_cave_3_vsfn_flow_starrynight_stylized.mp4,https://raw.githubusercontent.com/AtlantixJJ/VideoStableVideo2/master/data/video_frames1int/sintel_cave_3_vsfn_diff_starrynight_stylized.mp4
https://raw.githubusercontent.com/AtlantixJJ/VideoStableVideo2/master/data/video_frames1int/davis_tandem_vsfn_flow_lamuse_stylized.mp4,https://raw.githubusercontent.com/AtlantixJJ/VideoStableVideo2/master/data/video_frames1int/davis_tandem_vsfn_zero_lamuse_stylized.mp4
https://raw.githubusercontent.com/AtlantixJJ/VideoStableVideo2/master/data/video_frames1int/davis_man-bike_vsfn_diff_feathers_stylized.mp4,https://raw.githubusercontent.com/AtlantixJJ/VideoStableVideo2/master/data/video_frames1int/davis_man-bike_vsfn_flow_feathers_stylized.mp4
https://raw.githubusercontent.com/AtlantixJJ/VideoStableVideo2/master/data/video_frames1int/sintel_wall_vsfn_diff_lamuse_stylized.mp4,https://raw.githubusercontent.com/AtlantixJJ/VideoStableVideo2/master/data/video_frames1int/sintel_wall_vsfn_flow_lamuse_stylized.mp4
https://raw.githubusercontent.com/AtlantixJJ/VideoStableVideo2/master/data/video_frames1int/davis_guitar-violin_vsfn_zero_feathers_stylized.mp4,https://raw.githubusercontent.com/AtlantixJJ/VideoStableVideo2/master/data/video_frames1int/davis_guitar-violin_vsfn_flow_feathers_stylized.mp4
